﻿<?xml version="1.0" encoding="UTF-8" standalone="yes"?>
<PBProject Name="p_dwintegration_webform" Type="WebForm">
	<General>
		<PBTargetFolder>H:\work_app\TestCase-added\080310 DWIntegration\</PBTargetFolder>
		<PBTargetName/>
		<WebAppName>dwintegration</WebAppName>
		<OutputPath>localhost</OutputPath>
		<DebugBuild>true</DebugBuild>
		<EnableDebugSymbol>true</EnableDebugSymbol>
		<FullBuild>true</FullBuild>
		<DeployTime>
			<Year>2008</Year>
			<Month>3</Month>
			<Day>14</Day>
			<Hour>8</Hour>
			<Minute>5</Minute>
			<Second>58</Second>
		</DeployTime>
	</General>
	<LibList>
		<FileType>
			<FileName>H:\work_app\TestCase-added\080310 DWIntegration\dwintegration.pbl</FileName>
			<ModifyTime>
				<Year>2008</Year>
				<Month>3</Month>
				<Day>14</Day>
				<Hour>8</Hour>
				<Minute>4</Minute>
				<Second>49</Second>
			</ModifyTime>
		</FileType>
	</LibList>
	<ResourceFiles>
		<FileType>
			<FileName>H:\work_app\TestCase-added\080310 DWIntegration\dwintegration.pbl</FileName>
			<ModifyTime>
				<Year>2008</Year>
				<Month>3</Month>
				<Day>14</Day>
				<Hour>8</Hour>
				<Minute>4</Minute>
				<Second>49</Second>
			</ModifyTime>
		</FileType>
	</ResourceFiles>
	<ReferenceAssemblyFiles/>
	<PBLibraryFiles>
		<FileType>
			<FileName>H:\work_app\TestCase-added\080310 DWIntegration\dwintegration.pbl</FileName>
			<ModifyTime>
				<Year>2008</Year>
				<Month>3</Month>
				<Day>14</Day>
				<Hour>8</Hour>
				<Minute>4</Minute>
				<Second>49</Second>
			</ModifyTime>
		</FileType>
	</PBLibraryFiles>
	<Win32LibraryFiles/>
	<JavaScriptFiles/>
	<Version>
		<ProductName/>
		<Description/>
		<CopyRight/>
		<CompanyName/>
		<ProductVersionString>1.0.0.1</ProductVersionString>
		<FileVersionString>1.0.0.1</FileVersionString>
		<AssemblyVersionString>1.0.0.1</AssemblyVersionString>
	</Version>
	<Configuration>
		<Item Key="PBWebFileProcessMode" Value="share"/>
		<Item Key="PBCurrentDir" Value="H:\work_app\TestCase-added\080310 DWIntegration"/>
		<Item Key="PBTempDir" Value="c:\temp"/>
		<Item Key="PBLibDir" Value="c:\~pl_"/>
		<Item Key="PBDenyDownloadFolders" Value="c:\~pl_"/>
		<Item Key="PBCommandParm" Value=""/>
		<Item Key="PBYieldTimeout" Value="10000"/>
		<Item Key="PBFileManager" Value="false"/>
		<Item Key="PBMailManager" Value="false"/>
		<Item Key="PBTrace" Value="enabled"/>
		<Item Key="PBTraceTarget" Value="File"/>
		<Item Key="PBMaxSession" Value="0"/>
		<Item Key="PBTraceFileName" Value="PBTrace.log"/>
		<Item Key="PBEventLogID" Value="1100"/>
		<Item Key="PBAutoTriggerMenuSelectedEvents" Value="false"/>
		<Item Key="PBTimerInterval" Value="0"/>
		<Item Key="PBIdleInterval" Value="0"/>
		<Item Key="PBMailTimeout" Value="1200000"/>
		<Item Key="PBDeleteTempFileInterval" Value="0"/>
		<Item Key="PBShowDenyDownloadFolders" Value="false"/>
		<Item Key="PBShowFormExitMessage" Value="true"/>
		<Item Key="PBFormExitMessage" Value="If there is any unsaved data, it will be lost."/>
		<Item Key="PBDataWindowRowsPerPage" Value="20"/>
		<Item Key="PBDataWindowPageNavigatorType" Value="NextPrev"/>
		<Item Key="PBDataWindowStatusInfoFormat" Value="Page {C} of {T}"/>
		<Item Key="PBDataWindowGoToDescription" Value="Go To:"/>
		<Item Key="PBDataWindowGoToButtonText" Value="Go"/>
		<Item Key="PBDataWindowPageCountPerGroup" Value="10"/>
		<Item Key="PBDataWindowQuickGoPageNavigatorType" Value="DropDownList"/>
		<Item Key="PBDataWindowNavigationBarPosition" Value="PBDWBottom"/>
		<Item Key="PBDataWindowScriptCallbackDDDW" Value="false"/>
		<Item Key="PBDataWindowEnableDDDW" Value="false"/>
		<Item Key="PBCachedAndSharedDWs" Value=""/>
		<Item Key="PBCachedAndSharedDDDWs" Value=""/>
		<Item Key="PBDBFetchBuffers" Value="1"/>
		<Item Key="PBDBLogFileName" Value="c:\dbtrace.log"/>
		<Item Key="PBDBShowBindings" Value="1"/>
		<Item Key="PBDBShowDBINames" Value="0"/>
		<Item Key="PBDBSqlTraceFile" Value="c:\pbtrsql.log"/>
		<Item Key="PBDBSumTiming" Value="1"/>
		<Item Key="PBDBTiming" Value="1"/>
		<Item Key="PBCultureSource" Value="Server"/>
		<Item Key="PBWindowDefaultHeight" Value="600"/>
		<Item Key="PBWindowDefaultWidth" Value="1003"/>
		<Item Key="PBDefaultTheme" Value="Auto"/>
		<Item Key="PBThemeManager" Value="false"/>
		<Item Key="PBJVMLogFileName" Value="vm.out"/>
		<Item Key="PBTraceLevel" Value="Critical"/>
		<Item Key="PBWebControlSource" Value="RAD"/>
		<Item Key="PBAjaxWaitingMessage" Value="Loading ... ... Please wait..."/>
		<Item Key="PBAjaxWaitingMessageFontFamily" Value="Tahoma"/>
		<Item Key="PBAjaxWaitingMessageFontSize" Value="10"/>
		<Item Key="PBAjaxWaitingMessageBoxPosition" Value="Center"/>
		<Item Key="PBAjaxWaitingMessageBoxWidth" Value=""/>
		<Item Key="PBAjaxWaitingMessageBoxHeight" Value=""/>
	</Configuration>
	<RegistryFile>
		<FileName/>
		<ModifyTime>
			<Year>3193</Year>
			<Month>3</Month>
			<Day>16</Day>
			<Hour>17</Hour>
			<Minute>9</Minute>
			<Second>5</Second>
		</ModifyTime>
	</RegistryFile>
</PBProject>
