﻿<?xml version="1.0" encoding="UTF-8" standalone="yes"?>
<PBProject Type="WinForm">
	<General>
		<PBTargetFolder>H:\work_app\TestCase-added\080310 DWIntegration</PBTargetFolder>
		<PBTargetName>dwintegration_winform.pbt</PBTargetName>
		<PBDFileName>H:\work_app\TestCase-added\080310 DWIntegration\dwintegration.pbd</PBDFileName>
		<ExeFileName>dwintegration.exe</ExeFileName>
		<OutputPath>H:\work_app\TestCase-added\080310 DWIntegration\dwintegration_winform_WinformOutput</OutputPath>
		<DebugBuild>true</DebugBuild>
		<EnableDebugSymbol>true</EnableDebugSymbol>
		<FullBuild>false</FullBuild>
		<DeployTime>
			<Year>2008</Year>
			<Month>3</Month>
			<Day>11</Day>
			<Hour>3</Hour>
			<Minute>20</Minute>
			<Second>32</Second>
		</DeployTime>
	</General>
	<LibList>
		<PublishFileType>
			<FileName>H:\work_app\TestCase-added\080310 DWIntegration\dwintegration.pbl</FileName>
			<ModifyTime>
				<Year>2008</Year>
				<Month>3</Month>
				<Day>11</Day>
				<Hour>3</Hour>
				<Minute>15</Minute>
				<Second>20</Second>
			</ModifyTime>
		</PublishFileType>
	</LibList>
	<ResourceFiles>
		<PublishFileType>
			<FileName>dwintegration.pbl</FileName>
			<ModifyTime>
				<Year>2008</Year>
				<Month>3</Month>
				<Day>11</Day>
				<Hour>3</Hour>
				<Minute>15</Minute>
				<Second>20</Second>
			</ModifyTime>
		</PublishFileType>
	</ResourceFiles>
	<ReferenceAssemblyFiles/>
	<PBLibraryFiles>
		<PublishFileType>
			<FileName>H:\work_app\TestCase-added\080310 DWIntegration\dwintegration.pbl</FileName>
			<ModifyTime>
				<Year>2008</Year>
				<Month>3</Month>
				<Day>11</Day>
				<Hour>3</Hour>
				<Minute>15</Minute>
				<Second>20</Second>
			</ModifyTime>
		</PublishFileType>
	</PBLibraryFiles>
	<Win32LibraryFiles/>
	<Version>
		<ProductName>dwintegration</ProductName>
		<Description/>
		<CopyRight/>
		<CompanyName/>
		<ProductVersionString>1.0.0.1</ProductVersionString>
		<FileVersionString>1.0.0.1</FileVersionString>
		<AssemblyVersionString>1.0.0.1</AssemblyVersionString>
	</Version>
</PBProject>
