﻿<?xml version="1.0" encoding="UTF-8" standalone="yes"?>
<PBProject Type="WinForm">
	<General>
		<PBTargetFolder>c:\qap_auto_new\target\workdir\TESTAPPS\dsproperty</PBTargetFolder>
		<PBTargetName>dwproperty_winform.pbt</PBTargetName>
		<PBDFileName>c:\qap_auto_new\target\workdir\TESTAPPS\dsproperty\dwproperty.pbd</PBDFileName>
		<ExeFileName>dwproperty.exe</ExeFileName>
		<OutputPath>C:\qap_auto_new\target\workdir\TESTAPPS\dsproperty\dwproperty_winform_WinformOutput</OutputPath>
		<DebugBuild>true</DebugBuild>
		<EnableDebugSymbol>true</EnableDebugSymbol>
		<FullBuild>false</FullBuild>
		<DeployTime>
			<Year>2008</Year>
			<Month>3</Month>
			<Day>24</Day>
			<Hour>9</Hour>
			<Minute>56</Minute>
			<Second>24</Second>
		</DeployTime>
	</General>
	<LibList>
		<PublishFileType>
			<FileName>c:\qap_auto_new\target\workdir\TESTAPPS\dsproperty\dwproperty.pbl</FileName>
			<ModifyTime>
				<Year>2008</Year>
				<Month>3</Month>
				<Day>24</Day>
				<Hour>9</Hour>
				<Minute>56</Minute>
				<Second>0</Second>
			</ModifyTime>
		</PublishFileType>
		<PublishFileType>
			<FileName>c:\qap_auto_new\target\workdir\TESTAPPS\dsproperty\control.pbl</FileName>
			<ModifyTime>
				<Year>2008</Year>
				<Month>3</Month>
				<Day>24</Day>
				<Hour>9</Hour>
				<Minute>55</Minute>
				<Second>22</Second>
			</ModifyTime>
		</PublishFileType>
	</LibList>
	<ResourceFiles>
		<PublishFileType>
			<FileName>controller.ini</FileName>
			<ModifyTime>
				<Year>2008</Year>
				<Month>3</Month>
				<Day>24</Day>
				<Hour>9</Hour>
				<Minute>54</Minute>
				<Second>55</Second>
			</ModifyTime>
		</PublishFileType>
	</ResourceFiles>
	<ReferenceAssemblyFiles/>
	<PBLibraryFiles>
		<PublishFileType>
			<FileName>C:\qap_auto_new\target\workdir\TESTAPPS\dsproperty\dwproperty.pbl</FileName>
			<ModifyTime>
				<Year>2008</Year>
				<Month>3</Month>
				<Day>24</Day>
				<Hour>9</Hour>
				<Minute>56</Minute>
				<Second>0</Second>
			</ModifyTime>
		</PublishFileType>
		<PublishFileType>
			<FileName>C:\qap_auto_new\target\workdir\TESTAPPS\dsproperty\control.pbl</FileName>
			<ModifyTime>
				<Year>2008</Year>
				<Month>3</Month>
				<Day>24</Day>
				<Hour>9</Hour>
				<Minute>55</Minute>
				<Second>22</Second>
			</ModifyTime>
		</PublishFileType>
	</PBLibraryFiles>
	<Win32LibraryFiles/>
	<Version>
		<ProductName>dwproperty</ProductName>
		<Description/>
		<CopyRight/>
		<CompanyName/>
		<ProductVersionString>1.0.0.1</ProductVersionString>
		<FileVersionString>1.0.0.1</FileVersionString>
		<AssemblyVersionString>1.0.0.1</AssemblyVersionString>
	</Version>
</PBProject>
